{
    "funcionário" : [
    {
        "nome": "Julia Souza",
        "nascimento": "12/09/2001",
        "genero": "fem",
        "casa": "Rua Azul 123",
        "telefone": "31 999887655",
        "email":"juju@gmail.com",
        "setor":"Faxina",
        "usuario":"Julia Souza FXN",
        "senha": "juju1234"

    },
    {
        "nome": "Carlos Silva",
        "nascimento": "25/03/1985",
        "genero": "masc",
        "casa": "Avenida Verde 456",
        "telefone": "31 987654321",
        "email": "carlos@gmail.com",
        "setor": "TI",
        "usuario": "Carlos Silva TI",
        "senha": "carlos5678"

    },
    {
        "nome": "Ana Oliveira",
        "nascimento": "03/07/1990",
        "genero": "fem",
        "casa": "Travessa Amarela 789",
        "telefone": "31 912345678",
        "email": "ana@gmail.com",
        "setor": "Recursos Humanos",
        "usuario": "Ana Oliveira RH",
        "senha": "ana9876"

    },
    {
        "nome": "Pedro Santos",
        "nascimento": "18/11/1982",
        "genero": "masc",
        "casa": "Rua Vermelha 567",
        "telefone": "31 955556666",
        "email": "pedro@gmail.com",
        "setor": "Vendas",
        "usuario": "Pedro Santos Vendas",
        "senha": "pedro4321"
    }
]
}